<updates>
	<update>
		<name><![CDATA[ Phoca Download ]]></name>
		<description><![CDATA[ Phoca Download is download manager for Joomla! CMS. It includes component, modules and plugins and allows displaying files on website which can be downloaded (previewed, played) by website visitors. ]]></description>
		<element>com_phocadownload</element>
		<type>component</type>
		<version>3.2.3</version>
		<infourl title="Phoca Download 3.2.3">http://www.phoca.cz/version/index.php?phocadownload=3.2.3</infourl>
		<downloads>
			<downloadurl type="full" format="zip">https://github.com/PhocaCz/PhocaDownload/releases/download/3.2.3/com_phocadownload_v3.2.3.zip</downloadurl>
		</downloads>
		<tags>
			<tag>stable</tag>
		</tags>
		<maintainer><![CDATA[ Phoca.cz ]]></maintainer>
		<maintainerurl>https://www.phoca.cz/</maintainerurl>
		<section>Updates</section>
		<targetplatform name="joomla" version="3.([89]|10)"/>
		<client>administrator</client>
	</update>
	<update>
		<name><![CDATA[ Phoca Download ]]></name>
		<description><![CDATA[ Phoca Download is download manager for Joomla! CMS. It includes component, modules and plugins and allows displaying files on website which can be downloaded (previewed, played) by website visitors. ]]></description>
		<element>com_phocadownload</element>
		<type>component</type>
		<version>4.0.6</version>
		<infourl title="Phoca Download 4.0.6">http://www.phoca.cz/version/index.php?phocadownload=4.0.6</infourl>
		<downloads>
			<downloadurl type="full" format="zip">https://github.com/PhocaCz/PhocaDownload/releases/download/4.0.6/com_phocadownload_v4.0.6.zip</downloadurl>
		</downloads>
		<tags>
			<tag>stable</tag>
		</tags>
		<maintainer><![CDATA[ Phoca.cz ]]></maintainer>
		<maintainerurl>https://www.phoca.cz/</maintainerurl>
		<section>Updates</section>
		<targetplatform name="joomla" version="4.[012]"/>
		<client>administrator</client>
	</update>
</updates>
